621575913608757248,La #independencia es un espejismo - La alternativa es el #federalismo - Bien dicho, @miqueliceta  http://t.co/JM2ZTMHPVU vía @el_pais
623209765838131200,@dfensordlpueblo @zezi_ser ¿ y que ? SOMOS TOTALMENTE DIFERENTES #juntsperguanyar #independencia #MarcaEspana http://t.co/tx6QoCGg7v
622049935903584256,Cuando Mas y @junqueras  hablan del derecho a decidir, lo q en realidad reivindican es decidir ellos sin q decidamos los de+.#independencia
623210097196580864,@dfensordlpueblo @zezi_ser CATALUNYA NO CONTROLA NADA #juntsperguanyar #independencia #MarcaEspana http://t.co/hQjORjBqsP
621725559974965248,@roldanfj1 @JesusMartinCs El PSC no defiende la #independencia, se mantiene neutral para poder gobernar con el apoyo de los independentistas
623078550376202240,@P_Guardiola en la lista separatista  de Artur Mas.Porque la #independencia no es populismo http://t.co/sTyph2PLko http://t.co/SCD9PpjDQ8
623210842595704833,@dfensordlpueblo @zezi_ser PODER JUDICIAL en MANOS del PP #juntsperguanyar #independencia #MarcaEspana http://t.co/MbezuNbNEQ
623835787453444096,@junqueras y coche y movil de empresa incluido? #independencia
623975573434576897,En España los valores democráticos estan en regresión. Pero nosotros #nosvamos a golpe de urna. Le pese a quién le pese. #independencia #27S
623478708666527744,@zezi_ser DIFAMADOR: DEMUESTRALO en los TRIBUNALES #JuntsPelSi #juntsperguanyar #independencia http://t.co/bXw9uPU1IK
625035208966991873,"@junqueras Pues por la pinta, debes tener más cruces que la Carretera de Vicálvaro.
623123786196512768,@Podemitactivo Es que lo de que Artur Mas me das ASCO no hacia falta ni decirlo ... #IndependenciaNO
626839501374128128,Nada, pasan los días, leo todo tipo de prensa y nadie aclara como será la #educacio #autonomos #sanitat tras el #27s y la #independencia
621285082704257025,Un ex eurodiputado de Iniciativa, al frente de la lista unitaria de CDC y ERC por la #independencia de #Cataluña http://t.co/IyuXg0Bj9b
627727651764051969,Contra la independencia de Cataluña. Twitter 38 http://t.co/xkKBCnLiaa  #independenciacataluña #independenciacatalunya #27s2015 #27s
628133106021728256,"Ramon_Espadaler No vamos a dar apoyo a Mas para una declaración de #independencia #la revoluciodelseny @unio_cat @xviejo @isabelpalleja
628080628379086848,@Ramon_Espadaler “#Unió no votará una declaración de #independencia” http://t.co/wdtrTXRy9n @el_pais @Unio_Cat #Catalunya #España #Política
627748072827809792,@Albert_Rivera se volcará en #27S para apoyar a @InesArrimadas y clave en freno #independencia http://t.co/cNjtg4FLZF http://t.co/UCQ25Vak3g
628617101712977920,#independencia #27S http://t.co/UgZFIvayJu
629173907879260160,#IndependenciaCat Un país mejor con sus ciudadanos confrontados gracias a su empeño. Qué hazaña!!!@ConvergenciaCAT  https://t.co/nSKwhVZIrS
629652856497418240,#IndependenciaySocialismo en los #PaïsosCatalans, entrevista con @IVallets / @CUPNacional (+Vídeo) _- http://t.co/MFvxx2ImXd
633367393885138945,“@Catalunya_Press: .@junqueras comprende que @raulromeva está "centrado" en la #independencia de Cataluña http://t.co/UUsPi0y77V”
637299036291231744,#27S #Independencia http://t.co/6AinqE15T3
641734990783475712,@ManelGolf @Pablo_Iglesias_ @CUPMataro @cupnacional @cupgramenet #independencia
642387698909626368,Somos imparables!!! #viscacatalunyalliure #27s #orgullcatalà #independencia #terralliure #somiserem… https://t.co/z0i9AdJWCK
642352964984811521,Imparables #catalunya #independencia #27S #tenimpressa #sisi #adeu http://t.co/HzHyQC59oI
642288367162511360,#CorruptosM4 UDC no es corrupta? Solo lo es CDC porque apoya la #independencia? #seosveelplumero
643729523230556160,#Facilitandolascosas Guía para votar  el #27S #IndependenciaCat    @elespanolcom  https://t.co/wBAQEwcpqy
644872207726977024,.@InesArrimadas "que ganen las elecciones no les da licencia para declarar la #independencia. Si se saltan la ley, hay mecanismos" @8aldia
645377485119614976,"Cataluña dirá NO a la #Independencia #27S
